Men,Herren
Women,Dammen
What's New,Was Gibt's Neues?
Gear,Ausrüstung
Training,Training
Sale,Sonderaktion
Gift Cards,Geschenkkarten
Tops,Tops
Bottoms,Beinkleidung
Jackets,Jacken
Hoodies & Sweatshirts,Kapuzenshirts und Sweatshirts
Tees,T-Shirts
Bras & Tanks,BHs & Tanktops
Pants,Hosen
Shorts,Shorts
Bags,Taschen
Fitness Equipment,Fitnessausrüstung
Watches,Uhren
Video Download,Video zum Herunterladen
Collections,Sammlungen
New Luma Yoga Collection,Neu Luma Yoga Sammlung
Erin Recommends,Erin Empfiehlt
Performance Fabrics,Leistungsgewebe
Eco Friendly,Umweltfreundlich
Performance Sportswear New,Sportbekleidung Neu
Eco Collection New,Öko-Kollektion Neu
Promotions,Sonderaktion
Women Sale,Dammen Sonderaktion
Men Sale,Herren Sonderaktion